file,n,body_tag,f1,f2,f3,f4,identity,packed_offset,packed_size,packed_payload_sha1_8
prosim.xtc,1,0x15,2.8004531860351562,2.8004164695739746,-8998.0,1948.0,SENT,1350,441,53a1cacf
prosim.xtc,2,0x15,2.8004531860351562,2.8004164695739746,672.0,-2098.0,SENT,1791,957,b246fb7a
prosim.xtc,3,0x15,2.8004531860351562,2.8004164695739746,-11063.0,1608.0,SENT,2748,494,b52b721e
prosim.xtc,4,0x15,0.8508557677268982,0.6103542447090149,10003.6796875,1999.46044921875,ID01,3242,415,9b3fe4ca
prosim.xtc,5,0x15,0.8074246048927307,0.5699745416641235,10423.56640625,2020.49365234375,ID02,3657,250,8180a67b
prosim.xtc,6,0x15,0.818823516368866,0.5833333134651184,10902.6845703125,2003.416748046875,ID03,3907,309,e44c6820
prosim.xtc,7,0x15,0.6397058963775635,0.6637036800384521,11363.712890625,1944.03857421875,ID04,4216,239,4065a119
prosim.xtc,8,0x15,2.8004531860351562,2.8004164695739746,2065.0,340.0,SENT,4455,70,7f3c125d
prosim.xtc,9,0x15,0.8093023300170898,0.5586034655570984,10263.8603515625,4350.88525390625,ID05,4525,308,caaa6958
prosim.xtc,10,0x15,0.7750557065010071,0.6170799136161804,10731.8125,4336.7353515625,ID06,4833,378,7eff30e3
prosim.xtc,11,0x15,0.9666666388511658,0.5941644310951233,11168.2666015625,4343.87548828125,ID07,5211,287,986b50bc
prosim.xtc,12,0x15,1.03125,0.6777609586715698,11521.78125,4285.248046875,ID08,5498,115,256368e5
prosim.xtc,13,0x15,0.9666666388511658,0.5941644310951233,12068.2666015625,4343.87548828125,ID07,5613,289,67723a36
prosim.xtc,14,0x15,0.8508557677268982,0.6103542447090149,15599.6796875,3356.46044921875,ID01,5902,415,c587b5ab
prosim.xtc,15,0x15,0.8074246048927307,0.5699745416641235,16019.56640625,3377.49365234375,ID02,6317,250,5fb9e952
prosim.xtc,16,0x15,0.818823516368866,0.5833333134651184,16498.68359375,3360.416748046875,ID03,6567,309,941a7489
prosim.xtc,17,0x15,0.6397058963775635,0.6637036800384521,16959.712890625,3301.03857421875,ID04,6876,233,9e837425
prosim.xtc,18,0x15,0.8093023300170898,0.5586034655570984,15293.8603515625,4518.88525390625,ID05,7109,308,4bd83b8f
prosim.xtc,19,0x15,0.7750557065010071,0.6170799136161804,15761.8125,4504.7353515625,ID06,7417,378,867beae7
prosim.xtc,20,0x15,0.9666666388511658,0.5941644310951233,16198.2666015625,4511.87548828125,ID07,7795,287,35a5bdc7
prosim.xtc,21,0x15,1.03125,0.6777609586715698,16551.78125,4453.248046875,ID08,8082,115,50c7a2c3
prosim.xtc,22,0x15,0.9666666388511658,0.5941644310951233,17098.265625,4511.87548828125,ID07,8197,110,d522eb62
prosim.xtc,23,0x15,0.818823516368866,0.5490196347236633,10114.2939453125,6511.1171875,ID03,8307,520,3c222997
prosim.xtc,24,0x15,0.8093023300170898,0.5586034655570984,10582.8603515625,6522.8857421875,ID05,8827,308,f722fea1
prosim.xtc,25,0x15,0.8508557677268982,0.6103542447090149,11049.6796875,6502.4609375,ID01,9135,415,50ffb74f
prosim.xtc,26,0x15,0.9086161851882935,0.5551425218582153,11435.486328125,6505.6298828125,ID09,9550,324,438c03c5
prosim.xtc,27,0x15,0.7750557065010071,0.6170799136161804,11950.8125,6508.7353515625,ID06,9874,380,87164d80
prosim.xtc,28,0x15,0.818823516368866,0.5490196347236633,15327.2939453125,5541.1171875,ID03,10254,341,56cec8ed
prosim.xtc,29,0x15,0.8093023300170898,0.5586034655570984,15795.8603515625,5552.8857421875,ID05,10595,308,e03741cf
prosim.xtc,30,0x15,0.8508557677268982,0.6103542447090149,16262.6796875,5532.4609375,ID01,10903,415,81c70b07
prosim.xtc,31,0x15,0.9086161851882935,0.5551425218582153,16648.486328125,5535.6298828125,ID09,11318,324,c272abb4
prosim.xtc,32,0x15,0.7750557065010071,0.6170799136161804,17163.8125,5538.7353515625,ID06,11642,692,e9431d5e
prosim.xtc,33,0x15,0.818823516368866,0.5833333134651184,16299.6845703125,7081.41650390625,ID03,12334,309,19432464
prosim.xtc,34,0x15,0.8093023300170898,0.5586034655570984,16733.861328125,7097.88525390625,ID05,12643,308,24b637d9
prosim.xtc,35,0x15,0.8093023300170898,0.5586034655570984,17183.861328125,7097.88525390625,ID05,12951,308,969bf542
prosim.xtc,36,0x15,0.818823516368866,0.5490196347236633,17615.294921875,7086.11767578125,ID03,13259,341,56e74346
prosim.xtc,37,0x15,0.818823516368866,0.5833333134651184,18099.685546875,7081.41650390625,ID03,13600,639,6e467ee9
prosim.xtc,38,0x15,1.03125,0.6777609586715698,4492.78125,12361.248046875,ID08,14239,541,1e62f3fb
prosim.xtc,39,0x15,0.818823516368866,0.5833333134651184,5050.6845703125,12410.4169921875,ID03,14780,309,edef9d99
prosim.xtc,40,0x15,0.818823516368866,0.5833333134651184,5500.6845703125,12410.4169921875,ID03,15089,309,12577927
prosim.xtc,41,0x15,0.9086161851882935,0.5551425218582153,5887.48583984375,12409.6298828125,ID09,15398,324,7048561b
prosim.xtc,42,0x15,1.03125,0.6777609586715698,12474.78125,12578.248046875,ID08,15722,115,188cec9c
prosim.xtc,43,0x15,0.818823516368866,0.5833333134651184,13032.6845703125,12627.4169921875,ID03,15837,309,7b27e4bf
prosim.xtc,44,0x15,0.818823516368866,0.5833333134651184,13482.6845703125,12627.4169921875,ID03,16146,309,d956e354
prosim.xtc,45,0x15,0.9086161851882935,0.5551425218582153,13869.486328125,12626.6298828125,ID09,16455,328,5494d82a
prosim.xtc,46,0x12,2.8004531860351562,2.800811767578125,,,SEP,16783,907,9ee9d116
prosim.xtc,47,0x15,0.7750557065010071,0.6170799136161804,11940.8125,13830.7353515625,ID06,17690,378,7cbb6edf
prosim.xtc,48,0x15,1.0192307233810425,1.0144927501678467,12236.115234375,13555.203125,ID10,18068,89,2c463540
prosim.xtc,49,0x15,0.6397058963775635,0.6637036800384521,12849.712890625,13769.0380859375,ID04,18157,806,bc5e7d8e
prosim1.xtc,1,0x15,0.8074246048927307,0.5699745416641235,3823.566162109375,2707.49365234375,ID02,2111,250,e634a9c8
prosim1.xtc,2,0x15,0.9086161851882935,0.5551425218582153,4239.48583984375,2689.62939453125,ID09,2361,324,66de9049
prosim1.xtc,3,0x15,0.818823516368866,0.5490196347236633,4718.2939453125,2695.11767578125,ID03,2685,341,2a275bf1
prosim1.xtc,4,0x15,0.7750557065010071,0.6170799136161804,5204.81298828125,2692.735595703125,ID06,3026,378,b27252cf
prosim1.xtc,5,0x15,1.0192307233810425,1.0144927501678467,5500.115234375,2417.202880859375,ID10,3404,89,6c5ba537
prosim1.xtc,6,0x15,0.9086161851882935,0.5551425218582153,6039.48583984375,2689.62939453125,ID09,3493,324,60d6dc56
prosim1.xtc,7,0x15,0.8074246048927307,0.5699745416641235,6523.56591796875,2707.49365234375,ID02,3817,929,72b26105
prosim1.xtc,8,0x15,0.6397058963775635,0.6637036800384521,4088.713134765625,5862.03857421875,ID04,4746,233,342fa973
prosim1.xtc,9,0x15,0.7750557065010071,0.6170799136161804,4529.81298828125,5923.7353515625,ID06,4979,378,bdc9f172
prosim1.xtc,10,0x15,0.7750557065010071,0.6170799136161804,4979.81298828125,5923.7353515625,ID06,5357,378,7eff30e3
prosim1.xtc,11,0x15,0.8508557677268982,0.6103542447090149,5428.6796875,5917.46044921875,ID01,5735,415,8202a774
prosim1.xtc,12,0x15,1.0192307233810425,1.0144927501678467,5725.115234375,5648.203125,ID10,6150,89,e89795c5
prosim1.xtc,13,0x15,1.03125,0.6777609586715698,6219.78125,5872.248046875,ID08,6239,115,e6598dc1
prosim1.xtc,14,0x15,0.8093023300170898,0.5586034655570984,6761.8603515625,5937.88525390625,ID05,6354,1788,5e60877b
prosim1.xtc,15,0x15,1.03125,0.6777609586715698,4304.78125,9198.248046875,ID08,8142,115,b676466c
prosim1.xtc,16,0x15,0.6397058963775635,0.6637036800384521,4873.71337890625,9188.0380859375,ID04,8257,233,64133b13
prosim1.xtc,17,0x15,0.818823516368866,0.5490196347236633,5278.2939453125,9252.1171875,ID03,8490,341,c29009e4
prosim1.xtc,18,0x15,0.8508557677268982,0.6103542447090149,5763.6796875,9243.4609375,ID01,8831,415,ad5da532
prosim1.xtc,19,0x15,0.8074246048927307,0.5699745416641235,6183.56591796875,9264.4931640625,ID02,9246,250,3af9c941
prosim1.xtc,20,0x15,1.0192307233810425,1.0144927501678467,6510.115234375,8974.203125,ID10,9496,89,1e6eb8d5
prosim1.xtc,21,0x15,0.818823516368866,0.5833333134651184,7112.6845703125,9247.4169921875,ID03,9585,309,beb369f9
prosim1.xtc,22,0x15,0.8074246048927307,0.5699745416641235,7533.56591796875,9264.4931640625,ID02,9894,252,0c111bb2
prosim1.xtc,23,0x15,0.8074246048927307,0.5699745416641235,13822.56640625,2510.49365234375,ID02,10146,250,c3f952f9
prosim1.xtc,24,0x15,0.9086161851882935,0.5551425218582153,14238.486328125,2492.62939453125,ID09,10396,324,7c445af5
prosim1.xtc,25,0x15,0.818823516368866,0.5490196347236633,14717.2939453125,2498.11767578125,ID03,10720,341,7fb61c61
prosim1.xtc,26,0x15,0.7750557065010071,0.6170799136161804,15203.8125,2495.735595703125,ID06,11061,378,e747fb70
prosim1.xtc,27,0x15,1.0192307233810425,1.0144927501678467,15499.115234375,2220.202880859375,ID10,11439,89,50416a18
prosim1.xtc,28,0x15,0.9086161851882935,0.5551425218582153,16038.486328125,2492.62939453125,ID09,11528,324,cb5faf44
prosim1.xtc,29,0x15,0.8074246048927307,0.5699745416641235,16522.56640625,2510.49365234375,ID02,11852,250,034eddb7
prosim1.xtc,30,0x15,0.6397058963775635,0.6637036800384521,13705.712890625,3468.03857421875,ID04,12102,233,18f2f044
prosim1.xtc,31,0x15,0.7750557065010071,0.6170799136161804,14146.8125,3529.7353515625,ID06,12335,378,b11fe1e2
prosim1.xtc,32,0x15,0.7750557065010071,0.6170799136161804,14596.8125,3529.7353515625,ID06,12713,378,2f692941
prosim1.xtc,33,0x15,0.8508557677268982,0.6103542447090149,15045.6796875,3523.46044921875,ID01,13091,415,5c2793d8
prosim1.xtc,34,0x15,1.0192307233810425,1.0144927501678467,15342.115234375,3254.203125,ID10,13506,89,c25df64b
prosim1.xtc,35,0x15,1.03125,0.6777609586715698,15836.78125,3478.248046875,ID08,13595,115,b80e49a8
prosim1.xtc,36,0x15,0.8093023300170898,0.5586034655570984,16378.859375,3543.88525390625,ID05,13710,308,e2035026
prosim1.xtc,37,0x15,1.03125,0.6777609586715698,13585.78125,4508.248046875,ID08,14018,115,46375df2
prosim1.xtc,38,0x15,0.6397058963775635,0.6637036800384521,14154.712890625,4498.0380859375,ID04,14133,233,7b109793
prosim1.xtc,39,0x15,0.818823516368866,0.5490196347236633,14559.2939453125,4562.1171875,ID03,14366,341,8f8a7357
prosim1.xtc,40,0x15,0.8508557677268982,0.6103542447090149,15044.6796875,4553.4609375,ID01,14707,415,c8fe860d
prosim1.xtc,41,0x15,0.8074246048927307,0.5699745416641235,15464.56640625,4574.4931640625,ID02,15122,250,87a84c4f
prosim1.xtc,42,0x15,1.0192307233810425,1.0144927501678467,15791.115234375,4284.203125,ID10,15372,89,e0f2c45b
prosim1.xtc,43,0x15,0.818823516368866,0.5833333134651184,16393.68359375,4557.4169921875,ID03,15461,309,7b27e4bf
prosim1.xtc,44,0x15,0.8074246048927307,0.5699745416641235,16814.56640625,4574.4931640625,ID02,15770,254,e1b8055b
prosim1.xtc,45,0x12,2.800361156463623,2.8004164695739746,,,SEP,16024,337,36d63d52
prosim1.xtc,46,0x15,0.8093023300170898,0.5586034655570984,14247.8603515625,6017.88525390625,ID05,16361,308,f6388bd8
prosim1.xtc,47,0x15,0.8508557677268982,0.6103542447090149,14714.6796875,5997.46044921875,ID01,16669,415,4e014011
prosim1.xtc,48,0x15,0.9666666388511658,0.5941644310951233,15152.2666015625,6010.87548828125,ID07,17084,287,1442bfeb
prosim1.xtc,49,0x15,0.8093023300170898,0.5586034655570984,15597.8603515625,6017.88525390625,ID05,17371,308,7d67e1c5
prosim1.xtc,50,0x15,0.818823516368866,0.5490196347236633,16029.2939453125,6006.11767578125,ID03,17679,341,039bc17f
prosim1.xtc,51,0x15,1.0192307233810425,1.0144927501678467,16361.115234375,5728.203125,ID10,18020,89,3c97c904
prosim1.xtc,52,0x15,0.818823516368866,0.5490196347236633,16929.294921875,6006.11767578125,ID03,18109,2407,123488b1
prosim1.xtc,53,0x12,2.800361156463623,2.800351142883301,,,SEP,20516,793,f6e68ef2
prosim1.xtc,54,0x15,0.7750557065010071,0.6170799136161804,2379.81298828125,14390.7353515625,ID06,21309,378,75a0ff38
prosim1.xtc,55,0x15,1.0192307233810425,1.0144927501678467,2675.115478515625,14115.203125,ID10,21687,89,71a29816
prosim1.xtc,56,0x15,1.03125,0.6777609586715698,3169.78125,14339.248046875,ID08,21776,115,d547e961
prosim1.xtc,57,0x15,0.6397058963775635,0.6637036800384521,3738.713134765625,14329.0380859375,ID04,21891,233,8350ae05
prosim1.xtc,58,0x15,0.8508557677268982,0.6103542447090149,4178.6796875,14384.4609375,ID01,22124,1152,61f9c51a
prosim1.xtc,59,0x15,0.8074246048927307,0.5699745416641235,9513.56640625,13429.4931640625,ID02,23276,250,28f7a5eb
prosim1.xtc,60,0x15,1.03125,0.6777609586715698,9884.78125,13363.248046875,ID08,23526,115,d49e46d4
prosim1.xtc,61,0x15,0.818823516368866,0.5833333134651184,10442.6845703125,13412.4169921875,ID03,23641,309,9fe49c7e
prosim1.xtc,62,0x15,0.818823516368866,0.5490196347236633,10858.2939453125,13417.1171875,ID03,23950,347,b8f03fbb
prosim1.xtc,63,0x12,2.8004531860351562,2.7999753952026367,,,SEP,24297,682,e454af27
prosim1.xtc,64,0x15,0.818823516368866,0.5490196347236633,3185.294189453125,18629.1171875,ID03,24979,341,9e02599f
prosim1.xtc,65,0x15,0.8093023300170898,0.5586034655570984,3653.8603515625,18640.884765625,ID05,25320,308,fc97675b
prosim1.xtc,66,0x15,0.8508557677268982,0.6103542447090149,4120.6796875,18620.4609375,ID01,25628,415,25c129ad
prosim1.xtc,67,0x15,0.9086161851882935,0.5551425218582153,4506.48583984375,18623.62890625,ID09,26043,324,fa28b452
prosim1.xtc,68,0x15,0.7750557065010071,0.6170799136161804,5021.81298828125,18626.736328125,ID06,26367,1263,baf8e314
prosim1.xtc,69,0x15,1.03125,0.6777609586715698,4115.78125,22775.248046875,ID08,27630,115,573b384f
prosim1.xtc,70,0x15,1.03125,0.6777609586715698,4565.78125,22775.248046875,ID08,27745,115,0162a499
prosim1.xtc,71,0x15,0.6397058963775635,0.6637036800384521,5134.71337890625,22765.0390625,ID04,27860,233,ac39732e
prosim1.xtc,72,0x15,0.818823516368866,0.5833333134651184,5573.6845703125,22824.416015625,ID03,28093,309,9b8b6510
prosim1.xtc,73,0x15,1.0192307233810425,1.0144927501678467,5871.115234375,22551.203125,ID10,28402,89,97d68786
prosim1.xtc,74,0x15,0.8074246048927307,0.5699745416641235,6444.56591796875,22841.494140625,ID02,28491,250,8f3a5261
prosim1.xtc,75,0x15,0.6397058963775635,0.6637036800384521,6934.71337890625,22765.0390625,ID04,28741,233,bbc78d09
prosim1.xtc,76,0x15,1.03125,0.6777609586715698,7265.78125,22775.248046875,ID08,28974,114,810df937
