file,array_idx,byte_offset,marker_hex,identity,f1,f2,f3,f4,prof_est_f1x1.088
prosim.xtc,0,87,0x15,SENTINEL_2.8,2.800453,2.800416,-8998.000,1948.000,3.0469
prosim.xtc,1,104,0x15,SENTINEL_2.8,2.800453,2.800416,672.000,-2098.000,3.0469
prosim.xtc,2,121,0x15,SENTINEL_2.8,2.800453,2.800416,-11063.000,1608.000,3.0469
prosim.xtc,3,138,0x15,ID01,0.850856,0.610354,10003.680,1999.460,0.9257
prosim.xtc,4,155,0x15,ID02,0.807425,0.569975,10423.566,2020.494,0.8785
prosim.xtc,5,172,0x15,ID03,0.818824,0.583333,10902.685,2003.417,0.8909
prosim.xtc,6,189,0x15,ID04,0.639706,0.663704,11363.713,1944.039,0.6960
prosim.xtc,7,206,0x15,SENTINEL_2.8,2.800453,2.800416,2065.000,340.000,3.0469
prosim.xtc,8,223,0x15,ID05,0.809302,0.558603,10263.860,4350.885,0.8805
prosim.xtc,9,240,0x15,ID06,0.775056,0.617080,10731.812,4336.735,0.8433
prosim.xtc,10,257,0x15,ID07,0.966667,0.594164,11168.267,4343.875,1.0517
prosim.xtc,11,274,0x15,ID08,1.031250,0.677761,11521.781,4285.248,1.1220
prosim.xtc,12,291,0x15,ID07,0.966667,0.594164,12068.267,4343.875,1.0517
prosim.xtc,13,308,0x15,ID01,0.850856,0.610354,15599.680,3356.460,0.9257
prosim.xtc,14,325,0x15,ID02,0.807425,0.569975,16019.566,3377.494,0.8785
prosim.xtc,15,342,0x15,ID03,0.818824,0.583333,16498.684,3360.417,0.8909
prosim.xtc,16,359,0x15,ID04,0.639706,0.663704,16959.713,3301.039,0.6960
prosim.xtc,17,376,0x15,ID05,0.809302,0.558603,15293.860,4518.885,0.8805
prosim.xtc,18,393,0x15,ID06,0.775056,0.617080,15761.812,4504.735,0.8433
prosim.xtc,19,410,0x15,ID07,0.966667,0.594164,16198.267,4511.875,1.0517
prosim.xtc,20,427,0x15,ID08,1.031250,0.677761,16551.781,4453.248,1.1220
prosim.xtc,21,444,0x15,ID07,0.966667,0.594164,17098.266,4511.875,1.0517
prosim.xtc,22,461,0x15,ID09,0.818824,0.549020,10114.294,6511.117,0.8909
prosim.xtc,23,478,0x15,ID05,0.809302,0.558603,10582.860,6522.886,0.8805
prosim.xtc,24,495,0x15,ID01,0.850856,0.610354,11049.680,6502.461,0.9257
prosim.xtc,25,512,0x15,ID10,0.908616,0.555143,11435.486,6505.630,0.9886
prosim.xtc,26,529,0x15,ID06,0.775056,0.617080,11950.812,6508.735,0.8433
prosim.xtc,27,546,0x15,ID09,0.818824,0.549020,15327.294,5541.117,0.8909
prosim.xtc,28,563,0x15,ID05,0.809302,0.558603,15795.860,5552.886,0.8805
prosim.xtc,29,580,0x15,ID01,0.850856,0.610354,16262.680,5532.461,0.9257
prosim.xtc,30,597,0x15,ID10,0.908616,0.555143,16648.486,5535.630,0.9886
prosim.xtc,31,614,0x15,ID06,0.775056,0.617080,17163.812,5538.735,0.8433
prosim.xtc,32,631,0x15,ID03,0.818824,0.583333,16299.685,7081.417,0.8909
prosim.xtc,33,648,0x15,ID05,0.809302,0.558603,16733.861,7097.885,0.8805
prosim.xtc,34,665,0x15,ID05,0.809302,0.558603,17183.861,7097.885,0.8805
prosim.xtc,35,682,0x15,ID09,0.818824,0.549020,17615.295,7086.118,0.8909
prosim.xtc,36,699,0x15,ID03,0.818824,0.583333,18099.686,7081.417,0.8909
prosim.xtc,37,716,0x15,ID08,1.031250,0.677761,4492.781,12361.248,1.1220
prosim.xtc,38,733,0x15,ID03,0.818824,0.583333,5050.685,12410.417,0.8909
prosim.xtc,39,750,0x15,ID03,0.818824,0.583333,5500.685,12410.417,0.8909
prosim.xtc,40,767,0x15,ID10,0.908616,0.555143,5887.486,12409.630,0.9886
prosim.xtc,41,784,0x15,ID08,1.031250,0.677761,12474.781,12578.248,1.1220
prosim.xtc,42,801,0x15,ID03,0.818824,0.583333,13032.685,12627.417,0.8909
prosim.xtc,43,818,0x15,ID03,0.818824,0.583333,13482.685,12627.417,0.8909
prosim.xtc,44,835,0x15,ID10,0.908616,0.555143,13869.486,12626.630,0.9886
prosim1.xtc,0,87,0x15,ID02,0.807425,0.569975,3823.566,2707.494,0.8785
prosim1.xtc,1,104,0x15,ID10,0.908616,0.555143,4239.486,2689.629,0.9886
prosim1.xtc,2,121,0x15,ID09,0.818824,0.549020,4718.294,2695.118,0.8909
prosim1.xtc,3,138,0x15,ID06,0.775056,0.617080,5204.813,2692.736,0.8433
prosim1.xtc,4,155,0x15,ID11,1.019231,1.014493,5500.115,2417.203,1.1089
prosim1.xtc,5,172,0x15,ID10,0.908616,0.555143,6039.486,2689.629,0.9886
prosim1.xtc,6,189,0x15,ID02,0.807425,0.569975,6523.566,2707.494,0.8785
prosim1.xtc,7,206,0x15,ID04,0.639706,0.663704,4088.713,5862.039,0.6960
prosim1.xtc,8,223,0x15,ID06,0.775056,0.617080,4529.813,5923.735,0.8433
prosim1.xtc,9,240,0x15,ID06,0.775056,0.617080,4979.813,5923.735,0.8433
prosim1.xtc,10,257,0x15,ID01,0.850856,0.610354,5428.680,5917.460,0.9257
prosim1.xtc,11,274,0x15,ID11,1.019231,1.014493,5725.115,5648.203,1.1089
prosim1.xtc,12,291,0x15,ID08,1.031250,0.677761,6219.781,5872.248,1.1220
prosim1.xtc,13,308,0x15,ID05,0.809302,0.558603,6761.860,5937.885,0.8805
prosim1.xtc,14,325,0x15,ID08,1.031250,0.677761,4304.781,9198.248,1.1220
prosim1.xtc,15,342,0x15,ID04,0.639706,0.663704,4873.713,9188.038,0.6960
prosim1.xtc,16,359,0x15,ID09,0.818824,0.549020,5278.294,9252.117,0.8909
prosim1.xtc,17,376,0x15,ID01,0.850856,0.610354,5763.680,9243.461,0.9257
prosim1.xtc,18,393,0x15,ID02,0.807425,0.569975,6183.566,9264.493,0.8785
prosim1.xtc,19,410,0x15,ID11,1.019231,1.014493,6510.115,8974.203,1.1089
prosim1.xtc,20,427,0x15,ID03,0.818824,0.583333,7112.685,9247.417,0.8909
prosim1.xtc,21,444,0x15,ID02,0.807425,0.569975,7533.566,9264.493,0.8785
prosim1.xtc,22,461,0x15,ID02,0.807425,0.569975,13822.566,2510.494,0.8785
prosim1.xtc,23,478,0x15,ID10,0.908616,0.555143,14238.486,2492.629,0.9886
prosim1.xtc,24,495,0x15,ID09,0.818824,0.549020,14717.294,2498.118,0.8909
prosim1.xtc,25,512,0x15,ID06,0.775056,0.617080,15203.812,2495.736,0.8433
prosim1.xtc,26,529,0x15,ID11,1.019231,1.014493,15499.115,2220.203,1.1089
prosim1.xtc,27,546,0x15,ID10,0.908616,0.555143,16038.486,2492.629,0.9886
prosim1.xtc,28,563,0x15,ID02,0.807425,0.569975,16522.566,2510.494,0.8785
prosim1.xtc,29,580,0x15,ID04,0.639706,0.663704,13705.713,3468.039,0.6960
prosim1.xtc,30,597,0x15,ID06,0.775056,0.617080,14146.812,3529.735,0.8433
prosim1.xtc,31,614,0x15,ID06,0.775056,0.617080,14596.812,3529.735,0.8433
prosim1.xtc,32,631,0x15,ID01,0.850856,0.610354,15045.680,3523.460,0.9257
prosim1.xtc,33,648,0x15,ID11,1.019231,1.014493,15342.115,3254.203,1.1089
prosim1.xtc,34,665,0x15,ID08,1.031250,0.677761,15836.781,3478.248,1.1220
prosim1.xtc,35,682,0x15,ID05,0.809302,0.558603,16378.859,3543.885,0.8805
prosim1.xtc,36,699,0x15,ID08,1.031250,0.677761,13585.781,4508.248,1.1220
prosim1.xtc,37,716,0x15,ID04,0.639706,0.663704,14154.713,4498.038,0.6960
prosim1.xtc,38,733,0x15,ID09,0.818824,0.549020,14559.294,4562.117,0.8909
prosim1.xtc,39,750,0x15,ID01,0.850856,0.610354,15044.680,4553.461,0.9257
prosim1.xtc,40,767,0x15,ID02,0.807425,0.569975,15464.566,4574.493,0.8785
prosim1.xtc,41,784,0x15,ID11,1.019231,1.014493,15791.115,4284.203,1.1089
prosim1.xtc,42,801,0x15,ID03,0.818824,0.583333,16393.684,4557.417,0.8909
prosim1.xtc,43,818,0x15,ID02,0.807425,0.569975,16814.566,4574.493,0.8785
prosim1.xtc,44,835,0x12,TERMINATOR_0x12,2.800361,2.800416,2926580992.000,0.000,3.0468
