file,week,block_index,index_in_block,global_index,offset,tag,identity,f1,f2,f3,f4
prosim.xtc,9,0,0,0,87,0x15,SENT,2.8004531860351562,2.8004164695739746,-8998.0,1948.0
prosim.xtc,9,0,1,1,104,0x15,SENT,2.8004531860351562,2.8004164695739746,672.0,-2098.0
prosim.xtc,9,0,2,2,121,0x15,SENT,2.8004531860351562,2.8004164695739746,-11063.0,1608.0
prosim.xtc,9,0,3,3,138,0x15,ID01,0.8508557677268982,0.6103542447090149,10003.6796875,1999.46044921875
prosim.xtc,9,0,4,4,155,0x15,ID02,0.8074246048927307,0.5699745416641235,10423.56640625,2020.49365234375
prosim.xtc,9,0,5,5,172,0x15,ID03,0.818823516368866,0.5833333134651184,10902.6845703125,2003.416748046875
prosim.xtc,9,0,6,6,189,0x15,ID04,0.6397058963775635,0.6637036800384521,11363.712890625,1944.03857421875
prosim.xtc,9,0,7,7,206,0x15,SENT,2.8004531860351562,2.8004164695739746,2065.0,340.0
prosim.xtc,9,0,8,8,223,0x15,ID05,0.8093023300170898,0.5586034655570984,10263.8603515625,4350.88525390625
prosim.xtc,9,0,9,9,240,0x15,ID06,0.7750557065010071,0.6170799136161804,10731.8125,4336.7353515625
prosim.xtc,9,0,10,10,257,0x15,ID07,0.9666666388511658,0.5941644310951233,11168.2666015625,4343.87548828125
prosim.xtc,9,0,11,11,274,0x15,ID08,1.03125,0.6777609586715698,11521.78125,4285.248046875
prosim.xtc,9,0,12,12,291,0x15,ID07,0.9666666388511658,0.5941644310951233,12068.2666015625,4343.87548828125
prosim.xtc,9,0,13,13,308,0x15,ID01,0.8508557677268982,0.6103542447090149,15599.6796875,3356.46044921875
prosim.xtc,9,0,14,14,325,0x15,ID02,0.8074246048927307,0.5699745416641235,16019.56640625,3377.49365234375
prosim.xtc,9,0,15,15,342,0x15,ID03,0.818823516368866,0.5833333134651184,16498.68359375,3360.416748046875
prosim.xtc,9,0,16,16,359,0x15,ID04,0.6397058963775635,0.6637036800384521,16959.712890625,3301.03857421875
prosim.xtc,9,0,17,17,376,0x15,ID05,0.8093023300170898,0.5586034655570984,15293.8603515625,4518.88525390625
prosim.xtc,9,0,18,18,393,0x15,ID06,0.7750557065010071,0.6170799136161804,15761.8125,4504.7353515625
prosim.xtc,9,0,19,19,410,0x15,ID07,0.9666666388511658,0.5941644310951233,16198.2666015625,4511.87548828125
prosim.xtc,9,0,20,20,427,0x15,ID08,1.03125,0.6777609586715698,16551.78125,4453.248046875
prosim.xtc,9,0,21,21,444,0x15,ID07,0.9666666388511658,0.5941644310951233,17098.265625,4511.87548828125
prosim.xtc,9,0,22,22,461,0x15,ID03,0.818823516368866,0.5490196347236633,10114.2939453125,6511.1171875
prosim.xtc,9,0,23,23,478,0x15,ID05,0.8093023300170898,0.5586034655570984,10582.8603515625,6522.8857421875
prosim.xtc,9,0,24,24,495,0x15,ID01,0.8508557677268982,0.6103542447090149,11049.6796875,6502.4609375
prosim.xtc,9,0,25,25,512,0x15,ID09,0.9086161851882935,0.5551425218582153,11435.486328125,6505.6298828125
prosim.xtc,9,0,26,26,529,0x15,ID06,0.7750557065010071,0.6170799136161804,11950.8125,6508.7353515625
prosim.xtc,9,0,27,27,546,0x15,ID03,0.818823516368866,0.5490196347236633,15327.2939453125,5541.1171875
prosim.xtc,9,0,28,28,563,0x15,ID05,0.8093023300170898,0.5586034655570984,15795.8603515625,5552.8857421875
prosim.xtc,9,0,29,29,580,0x15,ID01,0.8508557677268982,0.6103542447090149,16262.6796875,5532.4609375
prosim.xtc,9,0,30,30,597,0x15,ID09,0.9086161851882935,0.5551425218582153,16648.486328125,5535.6298828125
prosim.xtc,9,0,31,31,614,0x15,ID06,0.7750557065010071,0.6170799136161804,17163.8125,5538.7353515625
prosim.xtc,9,0,32,32,631,0x15,ID03,0.818823516368866,0.5833333134651184,16299.6845703125,7081.41650390625
prosim.xtc,9,0,33,33,648,0x15,ID05,0.8093023300170898,0.5586034655570984,16733.861328125,7097.88525390625
prosim.xtc,9,0,34,34,665,0x15,ID05,0.8093023300170898,0.5586034655570984,17183.861328125,7097.88525390625
prosim.xtc,9,0,35,35,682,0x15,ID03,0.818823516368866,0.5490196347236633,17615.294921875,7086.11767578125
prosim.xtc,9,0,36,36,699,0x15,ID03,0.818823516368866,0.5833333134651184,18099.685546875,7081.41650390625
prosim.xtc,9,0,37,37,716,0x15,ID08,1.03125,0.6777609586715698,4492.78125,12361.248046875
prosim.xtc,9,0,38,38,733,0x15,ID03,0.818823516368866,0.5833333134651184,5050.6845703125,12410.4169921875
prosim.xtc,9,0,39,39,750,0x15,ID03,0.818823516368866,0.5833333134651184,5500.6845703125,12410.4169921875
prosim.xtc,9,0,40,40,767,0x15,ID09,0.9086161851882935,0.5551425218582153,5887.48583984375,12409.6298828125
prosim.xtc,9,0,41,41,784,0x15,ID08,1.03125,0.6777609586715698,12474.78125,12578.248046875
prosim.xtc,9,0,42,42,801,0x15,ID03,0.818823516368866,0.5833333134651184,13032.6845703125,12627.4169921875
prosim.xtc,9,0,43,43,818,0x15,ID03,0.818823516368866,0.5833333134651184,13482.6845703125,12627.4169921875
prosim.xtc,9,0,44,44,835,0x15,ID09,0.9086161851882935,0.5551425218582153,13869.486328125,12626.6298828125
prosim.xtc,9,0,-1,45,852,0x12,SEP,2.8004531860351562,2.800811767578125,,
prosim.xtc,9,1,0,46,861,0x15,ID06,0.7750557065010071,0.6170799136161804,11940.8125,13830.7353515625
prosim.xtc,9,1,1,47,878,0x15,ID10,1.0192307233810425,1.0144927501678467,12236.115234375,13555.203125
prosim.xtc,9,1,2,48,895,0x15,ID04,0.6397058963775635,0.6637036800384521,12849.712890625,13769.0380859375
prosim1.xtc,13,0,0,0,87,0x15,ID02,0.8074246048927307,0.5699745416641235,3823.566162109375,2707.49365234375
prosim1.xtc,13,0,1,1,104,0x15,ID09,0.9086161851882935,0.5551425218582153,4239.48583984375,2689.62939453125
prosim1.xtc,13,0,2,2,121,0x15,ID03,0.818823516368866,0.5490196347236633,4718.2939453125,2695.11767578125
prosim1.xtc,13,0,3,3,138,0x15,ID06,0.7750557065010071,0.6170799136161804,5204.81298828125,2692.735595703125
prosim1.xtc,13,0,4,4,155,0x15,ID10,1.0192307233810425,1.0144927501678467,5500.115234375,2417.202880859375
prosim1.xtc,13,0,5,5,172,0x15,ID09,0.9086161851882935,0.5551425218582153,6039.48583984375,2689.62939453125
prosim1.xtc,13,0,6,6,189,0x15,ID02,0.8074246048927307,0.5699745416641235,6523.56591796875,2707.49365234375
prosim1.xtc,13,0,7,7,206,0x15,ID04,0.6397058963775635,0.6637036800384521,4088.713134765625,5862.03857421875
prosim1.xtc,13,0,8,8,223,0x15,ID06,0.7750557065010071,0.6170799136161804,4529.81298828125,5923.7353515625
prosim1.xtc,13,0,9,9,240,0x15,ID06,0.7750557065010071,0.6170799136161804,4979.81298828125,5923.7353515625
prosim1.xtc,13,0,10,10,257,0x15,ID01,0.8508557677268982,0.6103542447090149,5428.6796875,5917.46044921875
prosim1.xtc,13,0,11,11,274,0x15,ID10,1.0192307233810425,1.0144927501678467,5725.115234375,5648.203125
prosim1.xtc,13,0,12,12,291,0x15,ID08,1.03125,0.6777609586715698,6219.78125,5872.248046875
prosim1.xtc,13,0,13,13,308,0x15,ID05,0.8093023300170898,0.5586034655570984,6761.8603515625,5937.88525390625
prosim1.xtc,13,0,14,14,325,0x15,ID08,1.03125,0.6777609586715698,4304.78125,9198.248046875
prosim1.xtc,13,0,15,15,342,0x15,ID04,0.6397058963775635,0.6637036800384521,4873.71337890625,9188.0380859375
prosim1.xtc,13,0,16,16,359,0x15,ID03,0.818823516368866,0.5490196347236633,5278.2939453125,9252.1171875
prosim1.xtc,13,0,17,17,376,0x15,ID01,0.8508557677268982,0.6103542447090149,5763.6796875,9243.4609375
prosim1.xtc,13,0,18,18,393,0x15,ID02,0.8074246048927307,0.5699745416641235,6183.56591796875,9264.4931640625
prosim1.xtc,13,0,19,19,410,0x15,ID10,1.0192307233810425,1.0144927501678467,6510.115234375,8974.203125
prosim1.xtc,13,0,20,20,427,0x15,ID03,0.818823516368866,0.5833333134651184,7112.6845703125,9247.4169921875
prosim1.xtc,13,0,21,21,444,0x15,ID02,0.8074246048927307,0.5699745416641235,7533.56591796875,9264.4931640625
prosim1.xtc,13,0,22,22,461,0x15,ID02,0.8074246048927307,0.5699745416641235,13822.56640625,2510.49365234375
prosim1.xtc,13,0,23,23,478,0x15,ID09,0.9086161851882935,0.5551425218582153,14238.486328125,2492.62939453125
prosim1.xtc,13,0,24,24,495,0x15,ID03,0.818823516368866,0.5490196347236633,14717.2939453125,2498.11767578125
prosim1.xtc,13,0,25,25,512,0x15,ID06,0.7750557065010071,0.6170799136161804,15203.8125,2495.735595703125
prosim1.xtc,13,0,26,26,529,0x15,ID10,1.0192307233810425,1.0144927501678467,15499.115234375,2220.202880859375
prosim1.xtc,13,0,27,27,546,0x15,ID09,0.9086161851882935,0.5551425218582153,16038.486328125,2492.62939453125
prosim1.xtc,13,0,28,28,563,0x15,ID02,0.8074246048927307,0.5699745416641235,16522.56640625,2510.49365234375
prosim1.xtc,13,0,29,29,580,0x15,ID04,0.6397058963775635,0.6637036800384521,13705.712890625,3468.03857421875
prosim1.xtc,13,0,30,30,597,0x15,ID06,0.7750557065010071,0.6170799136161804,14146.8125,3529.7353515625
prosim1.xtc,13,0,31,31,614,0x15,ID06,0.7750557065010071,0.6170799136161804,14596.8125,3529.7353515625
prosim1.xtc,13,0,32,32,631,0x15,ID01,0.8508557677268982,0.6103542447090149,15045.6796875,3523.46044921875
prosim1.xtc,13,0,33,33,648,0x15,ID10,1.0192307233810425,1.0144927501678467,15342.115234375,3254.203125
prosim1.xtc,13,0,34,34,665,0x15,ID08,1.03125,0.6777609586715698,15836.78125,3478.248046875
prosim1.xtc,13,0,35,35,682,0x15,ID05,0.8093023300170898,0.5586034655570984,16378.859375,3543.88525390625
prosim1.xtc,13,0,36,36,699,0x15,ID08,1.03125,0.6777609586715698,13585.78125,4508.248046875
prosim1.xtc,13,0,37,37,716,0x15,ID04,0.6397058963775635,0.6637036800384521,14154.712890625,4498.0380859375
prosim1.xtc,13,0,38,38,733,0x15,ID03,0.818823516368866,0.5490196347236633,14559.2939453125,4562.1171875
prosim1.xtc,13,0,39,39,750,0x15,ID01,0.8508557677268982,0.6103542447090149,15044.6796875,4553.4609375
prosim1.xtc,13,0,40,40,767,0x15,ID02,0.8074246048927307,0.5699745416641235,15464.56640625,4574.4931640625
prosim1.xtc,13,0,41,41,784,0x15,ID10,1.0192307233810425,1.0144927501678467,15791.115234375,4284.203125
prosim1.xtc,13,0,42,42,801,0x15,ID03,0.818823516368866,0.5833333134651184,16393.68359375,4557.4169921875
prosim1.xtc,13,0,43,43,818,0x15,ID02,0.8074246048927307,0.5699745416641235,16814.56640625,4574.4931640625
prosim1.xtc,13,0,-1,44,835,0x12,SEP,2.800361156463623,2.8004164695739746,,
prosim1.xtc,13,1,0,45,844,0x15,ID05,0.8093023300170898,0.5586034655570984,14247.8603515625,6017.88525390625
prosim1.xtc,13,1,1,46,861,0x15,ID01,0.8508557677268982,0.6103542447090149,14714.6796875,5997.46044921875
prosim1.xtc,13,1,2,47,878,0x15,ID07,0.9666666388511658,0.5941644310951233,15152.2666015625,6010.87548828125
prosim1.xtc,13,1,3,48,895,0x15,ID05,0.8093023300170898,0.5586034655570984,15597.8603515625,6017.88525390625
prosim1.xtc,13,1,4,49,912,0x15,ID03,0.818823516368866,0.5490196347236633,16029.2939453125,6006.11767578125
prosim1.xtc,13,1,5,50,929,0x15,ID10,1.0192307233810425,1.0144927501678467,16361.115234375,5728.203125
prosim1.xtc,13,1,6,51,946,0x15,ID03,0.818823516368866,0.5490196347236633,16929.294921875,6006.11767578125
prosim1.xtc,13,1,-1,52,963,0x12,SEP,2.800361156463623,2.800351142883301,,
prosim1.xtc,13,2,0,53,972,0x15,ID06,0.7750557065010071,0.6170799136161804,2379.81298828125,14390.7353515625
prosim1.xtc,13,2,1,54,989,0x15,ID10,1.0192307233810425,1.0144927501678467,2675.115478515625,14115.203125
prosim1.xtc,13,2,2,55,1006,0x15,ID08,1.03125,0.6777609586715698,3169.78125,14339.248046875
prosim1.xtc,13,2,3,56,1023,0x15,ID04,0.6397058963775635,0.6637036800384521,3738.713134765625,14329.0380859375
prosim1.xtc,13,2,4,57,1040,0x15,ID01,0.8508557677268982,0.6103542447090149,4178.6796875,14384.4609375
prosim1.xtc,13,2,5,58,1057,0x15,ID02,0.8074246048927307,0.5699745416641235,9513.56640625,13429.4931640625
prosim1.xtc,13,2,6,59,1074,0x15,ID08,1.03125,0.6777609586715698,9884.78125,13363.248046875
prosim1.xtc,13,2,7,60,1091,0x15,ID03,0.818823516368866,0.5833333134651184,10442.6845703125,13412.4169921875
prosim1.xtc,13,2,8,61,1108,0x15,ID03,0.818823516368866,0.5490196347236633,10858.2939453125,13417.1171875
prosim1.xtc,13,2,-1,62,1125,0x12,SEP,2.8004531860351562,2.7999753952026367,,
prosim1.xtc,13,3,0,63,1134,0x15,ID03,0.818823516368866,0.5490196347236633,3185.294189453125,18629.1171875
prosim1.xtc,13,3,1,64,1151,0x15,ID05,0.8093023300170898,0.5586034655570984,3653.8603515625,18640.884765625
prosim1.xtc,13,3,2,65,1168,0x15,ID01,0.8508557677268982,0.6103542447090149,4120.6796875,18620.4609375
prosim1.xtc,13,3,3,66,1185,0x15,ID09,0.9086161851882935,0.5551425218582153,4506.48583984375,18623.62890625
prosim1.xtc,13,3,4,67,1202,0x15,ID06,0.7750557065010071,0.6170799136161804,5021.81298828125,18626.736328125
prosim1.xtc,13,3,5,68,1219,0x15,ID08,1.03125,0.6777609586715698,4115.78125,22775.248046875
prosim1.xtc,13,3,6,69,1236,0x15,ID08,1.03125,0.6777609586715698,4565.78125,22775.248046875
prosim1.xtc,13,3,7,70,1253,0x15,ID04,0.6397058963775635,0.6637036800384521,5134.71337890625,22765.0390625
prosim1.xtc,13,3,8,71,1270,0x15,ID03,0.818823516368866,0.5833333134651184,5573.6845703125,22824.416015625
prosim1.xtc,13,3,9,72,1287,0x15,ID10,1.0192307233810425,1.0144927501678467,5871.115234375,22551.203125
prosim1.xtc,13,3,10,73,1304,0x15,ID02,0.8074246048927307,0.5699745416641235,6444.56591796875,22841.494140625
prosim1.xtc,13,3,11,74,1321,0x15,ID04,0.6397058963775635,0.6637036800384521,6934.71337890625,22765.0390625
prosim1.xtc,13,3,12,75,1338,0x15,ID08,1.03125,0.6777609586715698,7265.78125,22775.248046875
